# Versioned, explicitly reviewed catalog-invariant resources.
#
# Each row binds a key to the SHA-256 digest of the exact approved neutral
# value. The generator additionally requires byte equality across all nine
# satellites. Equality alone never grants InvariantApproved status.
About.Package.Avalonia.LicenseName	651ed7388a9b661917c5a9bc8a446c4e6ae5d6001694e9072346f135ec8c9d03
About.Package.Avalonia.Name	c4756847ea663f2581f727e40369cb8cdb5ed69b4a399918fbfa8d3a66855535
About.Package.SkiaSharp.LicenseName	c6edb6ae581bac50cb097eb6f6da0b4d30cc28cf1b8556a40227b0b1074ad557
About.Package.SkiaSharp.Name	2f989366bd35ab24c2323c9b243de44eb22337aeace63048721f843910e8240d
App.Title	02c95fead29b64a5a030eeb0077e501e235db9cfa28c8a5f2fa889ad110ffa04
ArtworkPreview.Size.KilobytesFormat	a5d92172af2b40a3b95b9738385ba82bd40f90bd0d7141f791688109d261c5f3
ArtworkPreview.Size.MegabytesFormat	88ae1881a203c0124bbbd63475e08a2fdd075ce5cab22fd5c24b9528b1d4bfcc
Column.AcoustId	305962d09a80a14c7b8a9bcf4ad797efba29794e2108d5cc0607d440cbd34f36
Column.NumberSign	1f6623b2301a3f1251eaee1c1e10dec6546c4b0a7b7d4778900d8bf3f39c2fd7
Culture.en-US	0976e14e83109262a473596fa407fac92ac01d61bb0d3aa89fa118d464ba1078
Devices.Selection.ReadyDetails	092b3a986a9de36207bf7032cc9065b990aad32151b9f8575a96535a0ba30c3c
Devices.Selection.RememberedName	2b60c26089c683846f07ac5f7cbaffdbf576dc97151dbefa7b450cf087e58072
Devices.Selection.UnavailableDetails	c533336196a59e96b27d7b6c340c678dde03244b76651af476d51ac2b5e13c71
Fields.Progress.WithPath	498f53249ed858050ce4b6a496c082ec90181a7bacdfaa8ce2188479234be0a5
Health.Artwork.AlbumTitleFormat	9c5fb333de7618ce46cf8a53ef8d2e7b747d5c92c04f22525d4659415eff132f
Health.Artwork.CandidateDetailsFormat	f881620d5757e069a055e882c5197d459a49b37c8b1864be729c650627cbd4d1
Health.Diagnostic.FileError	ab2d4a5bfc262372be2c2dcc4860f51518e9df1eade59830222ae578f7b0be09
Health.Duration.HoursMinutes	a764dfda583f70d0f02dfefc158092cbccaccead3d338bc561a94c39e9000dce
Health.Duration.MinutesSeconds	994fd38c7ac76269fa80dd1083d78d11056a765b39df0676f0dc22d7922af730
Health.Itl.DifferenceFormat	7a8b33d46daed8875839ee58426ac4cbe2a41988b78a09d1ee63bcce57b5ce8b
Health.Progress.Determinate	7c8d5cdafedb3ec200d52b97419937dcd280fbc91893968c9bad4ba8a23adbb2
Health.Progress.Indeterminate	2a2476f2381b3157d9f4a4f6c90aafead1fda639e227235e026f10820fddf2c3
Health.Run.DisplayLabel	8e45e20f4e2fb97cbdd13535d36d5b40196d34175443f35ea9ea44f9f0d53b17
Health.TextDifference.CategoryCodePoint	6ba2df7b98f199aea9e6f700507ba98d02ea4fcb83dcc51d84cdfd4cecf07af5
Health.TextDifference.KnownCodePoint	faa0a9952accd477e3539b81f72bed3c4ac0debe5300b026e9bc86ef03df7934
Health.TextDifference.NoBreakSpaceMarker	9f7f3a68fe8d10e99400ce09de5344294f645ef5e92fba7a93ecb2dd4dc117da
Health.TextDifference.VisibleCodePoint	d9730ea3eec44decced578df6cb030c5257348b3eedb47b806b60c91a70adf9a
Ingest.File.Type.CdFlac	e0796588ca50d77832e3a9ed7440bb1d59403ffbaa9418c1b67373c5bb804def
Ingest.OutputKind.Aac	7d4278056295ac332dfc7d0bce592d88682249a5aca1e134ee062ba08cde105b
Ingest.OutputKind.CdFlac	4a34b28cdf84ae23767ef33487ef9e906d71c6e86d1be15fd2a13a53fd98967f
Ingest.Preflight.Check.Ffmpeg	885f51598b8a80a9b420a04d263eb3cced62629dcf1978322e9085bbefd95a4e
Ingest.Preflight.Check.WavPack	909573abbdb00a424175b8c69f48fbe4cda392b08a6583afdc1e2fb948055d53
Ingest.Status.ApplyProgress	6221731562e739c6798c1a9d71150e1d54485991c6aca94ebc51473c6f2d8790
Ingest.Status.PreviewProgress	ca31d0d1811201eede53b864234990c31e442bf4f4f566f423460e6ed3e0e4e0
Inspector.Artwork.Details	7fca4a2a911691160900ae3aea82da90355a225aafd6d5d0e8c2df5b1480b4af
Inspector.Size.Kilobytes	f0e18c4376a38f173c757125b8621c9e564859a523211aae0c457320ede78109
Inspector.Size.Megabytes	a468abe05803b13c2ccb77ee76fe911f619c7a607f95a35d57b1c7d737e64c2d
Library.OperationName.CoverArt	9833054fa708c252bd12d478b9d6c2fdacc1d676e82ca66617da925f3a08d566
Library.OperationName.DiscogsMetadata	3bb4c167b89c231d90a8530dd50253fb94fdcec84edba1a2edf997c650d597d0
Library.OperationName.MusicBrainzMetadata	942aa7cfd573cc77a39fd362885aed24cb5fb3465306beffd84d197b144ac3ab
Library.ProviderSource.Discogs	7dde691dc94494816fe165bd929221552a4458af010b4bc176042162b88cd2b6
Library.VisualFilter.ConditionValue	d53ad74b7f1946b7e3d297510d0ceb72a4356f6487f46b2bb986bdbf3323c2a7
MetadataEditor.Preview.EncodingSuffix	085cb1a09c652877180ed92cf0090adf4cb985bd4ea65d5293fe787034462b6f
Operations.Output.Issue	7e34808422fb98e5fbb23bac5cbd5db4845318477a7c3b1171f29e795f055f00
Operations.Output.Mutation.Destination	f82e7e577aa4594ce4ef57ba18016ee4247585f895c8e405f4ee712e0e2e2374
Operations.Output.Mutation.Source	6bbc2d9b99add6554c32e6b251c9d7b3f55fab072b6a8d778b96a6f898a0bd57
Operations.Output.Mutation.SourceDestination	a6a779f2affe1961ea2e9b0aeb3109dce588da79b1d86e5f8622a1982fd68a92
Operations.Output.PathSuffix	820f4492cd7ae8020e4e720149284f2d419b836c22fdd72fb08765805a6a95d4
Operations.Output.Validation.Issue	2ab69c0078577c0a0d7445682f3f3bf41098458b6c471fc0582a0584ed9123eb
Operations.Progress.Determinate	bde866da2d7e12c7bdf1f86cd2ca0da24d7df75c85668500cab2d7905e71e1d4
Operations.Progress.Indeterminate	89ad0d8b3c35d50dba0f3754bf7ac9939abcea5f6816213f2385079243f3fd69
Settings.Choice.LibraryArtworkEncoding.Jpeg	27a32f61c196e83a65afa5551711e08cd3d61eb717d3b7382b9aa5d7f0cc17f9
Settings.Choice.LibraryArtworkEncoding.Png	6809f9b191fe020a910f102013847cf42f028c0a8d4bf3a6a7b542275340dfaf
Settings.Choice.MediaFormatFamily.Aac	3d0e38893566a3920b33be9e1b2e6c36bb3280fe6eb42dc4cdaed186da89ba7e
Settings.Choice.MediaFormatFamily.Aiff	c564c1550fe0d96fd0cde2aa1cfd414119fcf590bad420d86b59768d0909d7db
Settings.Choice.MediaFormatFamily.Asf	2fce3395fac40a3cf3c37bdd9bc7a97e6edb0f91735a94cd84915088be201e9f
Settings.Choice.MediaFormatFamily.Dsf	6e8ac25bd24a1d73c9f9bf0cb44ce51280477fb5714cf7d416da452b48336689
Settings.Choice.MediaFormatFamily.Flac	f54b76c96523c8307753489b36d71e31fd925039d5296f6bf703e4003f6f1770
Settings.Choice.MediaFormatFamily.Matroska	9804a79f99dbee08dfc9ba2fa251a45cf0c43e773b4724ef5eebeed193aa965a
Settings.Choice.MediaFormatFamily.MonkeysAudio	2687a8d90098756e5a0dd64696e54e94805a7533a902ca7f18694444ca78957b
Settings.Choice.MediaFormatFamily.Mp3	7a258fbe557cbb82dad8ae68ebc8dd9d2765f212acba3fc45e60221269e4a6b5
Settings.Choice.MediaFormatFamily.Mp4	4f419dd4280e81a0a28b49518bf91b82e2c84054c1e18c74edc36359b54d61f7
Settings.Choice.MediaFormatFamily.Musepack	080ede6f50572cacfba0a83b8de58814a9f03b6a8a81e97d53381b48492fcd8f
Settings.Choice.MediaFormatFamily.Ogg	06e2c58c05fa0a52eb44ec5d1980998fdc317ecaa76a6da4fc321e3080389ac0
Settings.Choice.MediaFormatFamily.OptimFrog	84a74bfde2635ec99b6e55f9fb83bdc1da747155089d7ce90d6c6fc1cff2959c
Settings.Choice.MediaFormatFamily.Tak	215f361f54acd55a838d8db4b9d40a93ffc53278e20132d5d328fbe3a5a4e9c1
Settings.Choice.MediaFormatFamily.TrueAudio	29b110082a635509721e37bca1e90ee06fa3454757e47e9481ffd00055313936
Settings.Choice.MediaFormatFamily.Wave	f3ee49c3bdc711ee1e0badc48076757b543c000b200e21db6e47a4571b80186f
Settings.Choice.MediaFormatFamily.WavPack	03a9dc38a7d93e143dea2cf59583e8ce8583a0ae060eb730fe4a9067869b4dea
Settings.Choice.TagFields.AcoustID_ID	50b2b4629cfa28d1c78e00095c58c52bde5f777d154c45e54e2f1e39ff284873
Settings.Choice.TagFields.ASIN	8c04399f1224be7acaa1e487af27be537a31f432fb8936080efc8262415f7b8d
Settings.Choice.TagFields.BPM	b04c4ba5e008926a47e462105fc62facac6b4fdf34c763eaeb45a8445d70ca56
Settings.Choice.TagFields.ISRC	c0d9d3459bd84e552345434a585894a54cbc63fe65f4994b3b767035d0e6d35b
Settings.Ingest.ExtensionsPlaceholder	2116c9c023bb0a3472a81ed30e94ee8ccd70c0b7558af31c06e9d9c9d5fd4650
Settings.Playlists.Extinf	a43cce49224faea242b6d05b120e47da5ba89a8ccfc8ba8192e663f95b7d4b83
Settings.PolicyDetails.Export	e7165d11c8b3f7a9f2cfa74034b27a5dcf1a7eaeeed49e91b04986adf6ea6811
Settings.PolicyDetails.HealthRule	56f67be0f44a862b119c60ac23e35d8ba215e4838435380964eea9e14a6913c4
Settings.PolicySummary.Naming.Template	bcec7a616c852991f9ce130996b121634377f95efb615ee30b0efbefdd8a4326
Settings.RootPolicy.SidecarPatternsPlaceholder	a844b98f00524e6f009c0cd3c4095d7bd1fb45183c07426f0f076abe9e43fc8b
Settings.Tools.Ffmpeg	8bd752861bb6c41480c4b040a1c1cc6d5dbe94b8bb69916084523b754d941f92
Settings.Tools.MonkeysAudio	f4ad7d3b1f2fbf0f7813585a7078f625b7963d06dcd39869f128bdf9e000c509
Settings.Tools.Wavpack	9e13b6e613ae010724a9cd4f25bc3783fc90e0896271bce73e00c7a29fd5a2a5
Settings.Validation.Item	04aec72b0a498ad4d5bd2c642707f4dd15cff607dad6ef5f7ee55051b832bbe0
Technical.Encoding.Ascii	e43d890beaef012c757518c6fc586615c0d0b97f88045aa765033c3d3a6605d6
Technical.Encoding.Latin1	7d11dd3f25d1bf3dfbdfc6d5abf9ce844b539dff7f981f78298bc1cf358526b3
Technical.Encoding.Utf16	090d4d8b5474ca58b7d9e7f5fd4f6cf25acf3d36b74801718e0eedd47cfae1e4
Technical.Encoding.Utf16Be	fa2fb758e2b8be9299d9e36f408aee82c02ad0937e652458eec1f5b309383b4a
Technical.Encoding.Utf16Le	bcf384d9a2a23dc3b91cc9da44369a4d42e01369621d69e1dc009c2ef1365256
Technical.Encoding.Utf8	5fe75396ebf6e0ba2f52d7870a72c98b27f264a5f4fa47359fb65b4351cca6da
Technical.Format.Csv	16c9fc818f58952eca4093965bfd2267f60255c8977489f8cfb31a8f4aab02e2
Technical.Format.Html	81425a9f130583f662293c260a65eefefdf4bc4e2680ff3e64a9c44ac1cf4a7e
Technical.Format.Rtf	d0c7ac75f55c4c914ac65887e8b67e61008b19bafaef00565aa58309efe89c84
Technical.Id3Version.V22	aa38ac47a440401efdb25281f0a6019648cc6d87fdccbd7dce97b646b258a6ae
Technical.Id3Version.V23	d6f0ac8f2b5b692045e073bef6f6c739e7cae0b7e9f87cd55e2ea52469d0bba9
Technical.Id3Version.V24	9334bf5dadf6f5e75376e41e40ca5c89ca976ea151c1065847ea4e2963f239f8
Technical.LineEnding.CrLf	1c252ecb12ce6a3b07bf80fcc929c0b5b58af279b1e2c26b29e0b4487923c69f
Technical.LineEnding.Lf	c443a4deddaf042e1604ed9c27bd3580425359e2daada47384e57005ae0d7be7
Technical.PlaylistFormat.M3u	a988c6cacc69edc86448bc9a16dd063e45aad99a68b503872eedc6b58d4a722f
Technical.PlaylistFormat.M3u8	6fafb5aabf6b581a4d43c92b509d643d31dd8324d7352ed2761efcd9cc1d6f0c
Technical.PlaylistFormat.M3uFamily	5d004c78f14f281562d8750a6e481f291d84810ce7cf5dbf3562824d57eb6de7
Technical.PlaylistFormat.Wpl	5ab556e96e2cbcaeac5ed8e32d19e902e4323f134a6fd372f2e0ef3e4c137c25
Transcode.Encoder.MonkeysAudioMac	b5852a933a271c7beca42060bc683620b2fce986de78af2e557f5619fed4b77c
Transcode.Encoder.OptimFrogOff	b81f8d98c5b64a8365291964e2f66309c8635dc9b4ae851d64c1750fd4befc5c
Transcode.Encoder.OptimFrogOfr	84a308c1025332b189698b9dd12d7c3f5e64e5ce28d9efdea89137b1598aa158
Transcode.Encoder.OptimFrogOfs	a2e37f61fa5c84fbb07171e7a84b32db0205ea92966c76c6a961572bb38f6dc6
Transcode.Encoder.WavPack	1525b45f24e978c97053cdfb56d08c73917d0d4405de1a28e24fc4be7eb8d5d4
Transcode.Format.Flac	0741d3036e15b1fb52bc9e0c6d91d51afc90f0653b8d1f8b22a60fbbd932c572
Transcode.Format.MonkeysAudio	ffdf50ad5d23784b8e61433c6ae145a8180acdbac805524f9e91431ed85b253e
Transcode.Format.Mp3	ebe3ba679b20dfae86ef638e77b09aa2dcd045e467680497df3b817d5c8a1984
Transcode.Format.OptimFrog	fc84bde6d6f9089788f97573e98af03802cdd81751f18ac0894da781667738b9
Transcode.Format.OptimFrogDualStream	6a5b29d10d21800c9958a8a52865b9513749a3484cd3a48f5f37ab3fe94ed6d0
Transcode.Format.OptimFrogFloat	3867b78b6cad4306df35725d7e59684cfdc73a527352932d909cd4b21b3d8289
Transcode.Format.TrueAudio	bb9cfd78ad0e97a610d0fb206f41ca4ce97f9dd21080be696601d8a97e0b0456
Transcode.Format.WavPack	b140afbd4b26ec25a7d69cb8c5678d82156bbd8bf78a406d7dd45650ce99de83
Workbench.Choice.OnlineProvider.Discogs	4aa124ad787c1e2d618f8c0ad0286111ba8745ea3504c9bfd925faa2cc4fed69
Workbench.Choice.OnlineProvider.MusicBrainz	bcc4ceece04d22e5279a3e0315a97e375279a2aaf26955e301474566656ebba7
Workbench.Operation.CoverArtArchive	89f042eebe98e32e88463933e0ef1087fab486822204dd6085f49babb02e68ef
Workbench.Operation.DiscogsMetadata	4c9cb9bd378948de2f427cd3067e4c785d29f1ae569b6ea1dc1cdb36165c3a07
Workbench.Operation.MusicBrainzMetadata	cbebb66daf12aa99942bc119ee436ee2568b097896f49f3b20333fbd1b620fec
Workbench.Representative.ValueSeparator	054eadbfea9153a269eefe3b4cc3a7ef1c653b08dba2c3bacc1a842ec5588b00
Workbench.Size.Bytes	429d1d178e5afa05add5a613c7b98f9d21d7fb8d62330058b68ce673dc47521a
Workbench.Size.Gigabytes	68053bc27639261e8a7eadcac7200c5677b38b1bc84d013535eba87f34b84ae9
Workbench.Size.Kilobytes	8c4a2b6aacae0d250b047098e2f81d9294d9abca4647f6f94815d79fe2ecf41c
Workbench.Size.Megabytes	93c897e788a1b229bec2a41d30941503bbbe84bbbaed7dda36b37eb0677fd831
Workbench.Size.Terabytes	64bace6f188c0a7c15499761b5fbe132e6ed4d8425ee5f679d857928f0c0aee8
Workbench.Value.Bitrate	925e1b8a0f79a816ee26fe517460f8098cf9ca35d646f64fe7337b8eb38a1f1a
Workbench.Value.SampleRate	9abe34b537b70bcbe168989bb47319ef8cc81f2a1cb9e7c2b99aec1f88d5d4ec
